arabic_full,arabic_word,transliteration,english,category,type,notes,dialect,audio_path
تكلم (تكَلّم),,takallam,To speak / talk (Root/Infinitive),Verb,-,,Both,
يتكلم,,yitkallam,He speaks / talks,Verb,Present (He),,Saudi,
تتكلم,,titkallam,You speak / talk,Verb,Present (You),,Saudi,
لا تتكلم,,laa titkallam,Don’t speak / talk,Verb,Imperative Negative (You),,Saudi,
نتكلم,,nitkallam,We talk,Verb,Present (We),,Saudi,
يتكلموا,,yitkallamu,They speak / were speaking (used with Kaanu),Verb,Present (They - used in Past Continuous),,Saudi,
اتكلمت,,atkallamt,I talked / spoke,Verb,Past (I),,Saudi,
أتكلم,,atkallam,I speak / to speak (used after Abgha/Ma li khilq),Verb,Present (I) / Infinitive,,Saudi,
كلم (كلّم),,kallim,To talk to someone / tell (Root/Infinitive - more one-sided),Verb,-,,Saudi,
كلم,,Kallim,Talk to / tell,Verb,Imperative (You),,Saudi,
كلمت,,kallamt,I talked to / told,Verb,Past (I),,Saudi,
كلمها,,Kallimha,Talk to her / tell her,Verb,Imperative (You + her object pronoun),,Saudi,
قال (قال),,qaal,To say / tell (Root),Verb,-,,Both,
قال,,qaal,He said,Verb,Past (He),,Saudi,
قالت,,qaalat,She said,Verb,Past (She),,Saudi,
يقول,,yiquul,He says / is saying,Verb,Present (He),,Saudi,
تقول,,tiquul,You say / tell,Verb,Present (You) / Infinitive (used after Tabi/Tibgha),,Saudi,
قلت,,qult,I said / told,Verb,Past (I),,Saudi,
قال لك,,qallak,He told you,Verb,Past (He + you object pronoun),,Saudi,
لا تقول,,laa tiquul,Don’t tell,Verb,Imperative Negative (You),,Saudi,
تدري,,tidri,She knows,Verb,Present (She - used with Maa),,Saudi,
أدري,,adri,I know,Verb,Present (I),,Saudi,
ما أدري / مدري,,maa adri / madri,I don’t know,Verb,Present Negative (I) / Casual Short Form,,Saudi,
طلع (طلع),,tiliʿ,To turn out (Root),Verb,-,,Saudi,
طلع,,tiliʿ,It turned out,Verb,Past (He/It),,Saudi,
كان (كان),,kaan,To be / was doing (Root/Marker),Verb,-,,Saudi,
كانوا,,kaanu,They were,Verb,Past (They),,Saudi,
كنت,,kunt,I was,Verb,Past (I),,Saudi,
كانت,,kaanat,She was / It was (feminine),Verb,Past (She/It),,Saudi,
كنا,,kunna,We were,Verb,Past (We),,Saudi,
ما كان,,maa kaan,There wasn't / It wasn't,Verb,Past Negative (He/It),,Saudi,
أبغى (بغى),,abgha (baghaa),To want (Root/I form),Verb,-,,Saudi,
أبغى,,abgha,I want,Verb,Present (I),,Saudi,
تبغى,,tibgha,You want,Verb,Present (You),,Saudi,
تبغاه,,tibghaah,You want it,Verb,Present (You + it object pronoun),,Saudi,
تبي (بغي/بغى),,tabi (baghaa),To want (Shorter Root/I form variant),Verb,-,,Saudi,
تبي,,tabi,You want,Verb,Present (You - shorter variant),,Saudi,
ما أبي / ما أبغى,,maa abi / maa abgha,I don't want,Verb,Present Negative (I),,Saudi,
نبغى,,nabgha,We want,Verb,Present (We),,Saudi,
صدق (صدّق),,saddaq (ṣaddaqa),To believe (Root),Verb,-,,Both,
ما صدق,,maa saddaq,He didn't believe,Verb,Past Negative (He),,Both,
أصدق,,aṣaddiq,I believe,Verb,Present (I),,Both,
ما أصدق,,maa aṣaddiq,I can't believe,Verb,Present Negative (I),,Both,
أروح (راح),,aruuḥ (raaḥa),To go (I form / Root),Verb,-,,Saudi,
أروح,,aruuḥ,I go,Verb,Present (I),,Saudi,
تروح,,truuh,You go,Verb,Present (You),,Saudi,
نروح,,nrooḥ,We go,Verb,Present (We),,Saudi,
بنروح,,binruuḥ,We will go,Verb,Future (We),,Saudi,
ذهب (ذهب),,dhahab,To go (Formal Root),Verb,-,,MSA,
ذهبت,,dhahabtu,I went,Verb,Past (I),,MSA,
أتعلم (تعلّم),,atʿallam (taʿallama),To learn (I form / Root),Verb,-,,Saudi,
أتعلم,,atʿallam,I learn / am learning,Verb,Present (I) / Infinitive,,Saudi,
نسافر (سافر),,nsaafir (saafara),To travel (We form / Root),Verb,-,,Both,
حنسافر,,ḥansaafir,We will travel,Verb,Future (We),,Saudi,
أسافر,,asaafir,I travel,Verb,Present (I) / Infinitive,,Both,
أجي (جاء),,aaji (jaaʾa),To come (I form / Root),Verb,-,,Both,
أجي,,aaji,I come / will come,Verb,Present (I),,Saudi,
تجي,,tiji,You come,Verb,Present (You),,Saudi,
تعالى (تعال),,taʿaal (taʿaalaa),To come (Imperative Root),Verb,-,,Saudi,
تعال,,taʿaal,Come,Verb,Imperative (You),,Saudi,
اتصل (اتّصل),,ittiṣal (ittiṣala),To call / connect (Past I form / Root),Verb,-,,Both,
اتصلت,,ittiṣalt,I called,Verb,Past (I),,Saudi,
دقيت,,daqqeet,You called / knocked,Verb,Past (You),,Saudi,
رحت (راح),,ruḥt (raaḥa),To go / went (Past I form / Root),Verb,-,,Saudi,
رحت,,ruḥt,I went,Verb,Past (I),,Saudi,
أقدر (قدر),,aqdar (qadara),To be able / can (I form / Root),Verb,-,,Both,
أقدر,,aqdar,I can / could,Verb,Present (I),,Saudi,
تقدر,,tiqdar,You can / could,Verb,Present (You),,Saudi,
نقدر,,niqdar,We can / could,Verb,Present (We),,Saudi,
أخلص (أخلص),,akhliṣ (akhlaṣa),To finish (I form / Root),Verb,-,,Both,
أخلص,,akhliṣ,I finish,Verb,Present (I) / Infinitive,,Both,
نخلص,,nkhalliṣ,We finish,Verb,Present (We),,Saudi,
قطعت (قطع),,qaṭʿat (qaṭaʿa),To cut / go out (Past feminine form / Root),Verb,-,,Both,
قطعت,,qaṭʿat,It (feminine) cut / went out,Verb,Past (She/It),,Saudi,
أحب (أحبّ),,uḥibb (aḥabba),To like / love (I form / Root),Verb,-,,Both,
أحب,,uḥibb,I like / love,Verb,Present (I),,Both,
تحب,,tuḥibb,She likes / loves,Verb,Present (She),,Both,
ما تحب,,maa tuḥibb,She doesn't like,Verb,Present Negative (She),,Saudi,
أقرا (قرأ),,aqra (qaraʾa),To read (I form / Root),Verb,-,,Both,
أقرا,,aqra,I read,Verb,Present (I),,Both,
أكتب (كتب),,aktub (kataba),To write (I form / Root),Verb,-,,Both,
أكتب,,aktub,I write / am writing,Verb,Present (I),,Both,
نزور (زار),,nizuur (zaara),To visit (We form / Root),Verb,-,,Both,
نزور,,nizuur,We visit,Verb,Present (We),,Saudi,
أزور,,azuur,I visit,Verb,Present (I),,Saudi,
فهمت (فهم),,fihimt (fahima),To understand (Past I form / Root),Verb,-,,Both,
ما فهمت,,maa fihimt,I didn't understand,Verb,Past Negative (I),,Saudi,
تشرب (شرب),,tishrab (shariba),To drink (You form / Root),Verb,-,,Both,
تشرب,,tishrab,You drink,Verb,Present (You) / Infinitive,,Saudi,
تعرف (عرف),,taʿrif (ʿarafa),To know (You form / Root),Verb,-,,Both,
تعرف,,taʿrif,You know,Verb,Present (You),,Saudi,
تدور (دار),,taduur (daara),To look for (You form / Root - idiomatically),Verb,-,,Saudi,
تدور,,taduur,You are looking for,Verb,Present (You),,Saudi,
أمشي (مشى),,amshi (masha),To walk (I form / Root),Verb,-,,Both,
أمشي,,amshi,I walk / to walk (used after Taliʿ/Rayiḥ),Verb,Present (I) / Infinitive,,Saudi,
نتمشى (تمشّى),,nitmasha (tamasha),To walk casually / stroll (We form / Root),Verb,-,,Saudi,
نتمشى,,nitmasha,We walk / stroll,Verb,Present (We) / Infinitive,,Saudi,
يمدينا (أمكن),,yimdiina (amkana),It is possible for us / we can (Verb + us object pronoun),Verb,Present,,Saudi,
نجرّب (جرّب),,njarrib (jarraba),To try (We form / Root),Verb,-,,Both,
أجرب,,ajarrib,I try,Verb,Present (I) / Infinitive,,Both,
نجرب,,njarrib,We try,Verb,Present (We),,Saudi,
استنى (استنّى),,istanna (istanna),To wait (Past I form / Root),Verb,-,,Saudi,
استنيت,,Istannayt,I waited,Verb,Past (I),,Saudi,
لقي (لقى),,laqiya (laqiya),To find (Past I form / Root),Verb,-,,Both,
لقيت,,Laqeet,I found,Verb,Past (I),,Saudi,
ألاقي / ألقى,,alaagi / alga,I find,Verb,Present (I),,Saudi,
تساعد (ساعد),,tsaʿid (saaʿada),To help (You form / Root),Verb,-,,Both,
تساعدني,,tsaʿidni,You help me,Verb,Present (You + me object pronoun),,Saudi,
نلحق (لحق),,nilḥaq (laḥiqa),To make it / catch (We form / Root),Verb,-,,Both,
نلحق,,nilḥaq,We make it / catch,Verb,Present (We),,Saudi,
يقفلون (أقفل),,yiqfiloon (aqfala),To close (They form / Root),Verb,-,,Both,
يقفلون,,yiqfiloon,They close,Verb,Present (They),,Both,
أفكر (فكّر),,afakkir (fakkara),To think (I form / Root),Verb,-,,Both,
أفكر,,Afakkir,I think / am thinking,Verb,Present (I),,Both,
مفكر,,mfakkir,Thinking,Verb,Participle,,Saudi,
كنت مفكر,,kunt mfakkir,I was thinking,Verb,Past State / Continuous (I),,Saudi,
أغير (غيّر),,aghayyir (ghayyara),To change (I form / Root),Verb,-,,Both,
أغير,,aghayyir,I change / to change,Verb,Present (I) / Infinitive,,Both,
قرر (قرّر),,qarrar (qarrara),To decide (Past I form / Root),Verb,-,,Both,
قررت,,Qarrart,I decided,Verb,Past (I),,Both,
أزور (زار),,azuur (zaara),To visit (I form / Root),Verb,-,,Both,
أزور,,azuur,I visit / am visiting,Verb,Present (I),,Both,
أطبخ (طبخ),,aṭbukh (ṭabakha),To cook (I form / Root),Verb,-,,Both,
أطبخ,,aṭbukh,I cook / to cook,Verb,Present (I) / Infinitive,,Both,
أشتري (اشترى),,ashtari (ishtara),To buy (I form / Root),Verb,-,,Both,
أشتري,,ashtari,I buy / to buy,Verb,Present (I) / Infinitive,,Both,
وصل (وصل),,waṣal (waṣala),To arrive (Root),Verb,-,,Both,
بنوصل,,Binwasal,We will arrive,Verb,Future (We),,Saudi,
بوصل,,bawsal,I will arrive,Verb,Future (I),,Saudi,
وصلت,,Wṣalt,I arrived,Verb,Past (I),,Both,
أعرف (عرف),,aʿrif (ʿarafa),To know (I form / Root),Verb,-,,Both,
أعرفه,,aʿrifuh,I know him / used to know him,Verb,Present (I + him object pronoun - used in Past Habitual),,Saudi,
كان يعرفه,,kunt aʿrifuh,I used to know him,Verb,Past Habitual (I + him object pronoun),,Saudi,
كنت ناوي,,kunt naawi,I was planning / intending,Verb,Past State (I),,Saudi,
ناوي,,naawi,Planning / intending,Verb,Participle,,Saudi,
حسب (حسب),,ḥasaba (ḥasaba),To think / calculate (Past I form / Root),Verb,-,,Both,
حسبت,,ḥasabt,I thought,Verb,Past (I),,Both,
أسوي (سوّى),,asawwi (sawwa),To do / make (I form / Root),Verb,-,,Saudi,
أسوي,,asawwi,I do / make,Verb,Present (I),,Saudi,
تسوي,,tsawwi,You do / make,Verb,Present (You),,Saudi,
أحس (حسّ),,aḥiss (ḥassa),To feel / think (I form / Root),Verb,-,,Both,
أحس,,aḥiss,I feel / think,Verb,Present (I),,Both,
حسّيت,,Ḥassayt,I felt / noticed,Verb,Past (I),,Both,
ما حسّيت,,maa ḥassayt,I didn't feel / notice,Verb,Past Negative (I),,Saudi,
صار (صار),,ṣar (ṣaara),To happen / become (Root),Verb,-,,Both,
صار,,ṣar,It happened / became,Verb,Past (He/It),,Saudi,
صرت,,ṣirt,I became / started (doing),Verb,Past (I),,Saudi,
دق (دقّ),,daqq (daqqa),To call / knock (Past You form / Root),Verb,-,,Both,
دقيت,,daqqeet,You called / knocked,Verb,Past (You),,Saudi,
ننسى (نسي),,nansa (nasiya),To forget (Past I form / Root),Verb,-,,Both,
نسيت,,Naseet,I forgot,Verb,Past (I),,Both,
تذكّر (تذكّر),,tadhakkar (tadhakkar),To remember (Past I form / Root),Verb,-,,Both,
تذكرت,,Tadhakkart,I remembered,Verb,Past (I),,Both,
أرسل (أرسل),,arsal (arsala),To send (Past I form / Root),Verb,-,,Both,
أرسلت,,Arsalt,I sent,Verb,Past (I),,Both,
أكمل (أكمل),,akammil (akmala),To continue / complete (I form / Root),Verb,-,,Both,
أكمل,,akammil,I continue / am continuing,Verb,Present (I),,Both,
بدأ (بدأ),,badaʾa (badaʾa),To start (Past I form + object pronoun / Root),Verb,-,,Both,
بدأته,,badaʾtuh,I started it,Verb,Past (I + it object pronoun),,Both,
أهتم (اهتمّ),,ahtamm (ihtamma),To care / pay attention (I form / Root),Verb,-,,Both,
أهتم,,ahtamm,I care / pay attention,Verb,Present (I),,Both,
مرّ (مرّ),,marra (marra),To pass by (Past I form / Root),Verb,-,,Both,
أمر,,amurr,I pass by,Verb,Present (I),,Saudi,
مرّيت,,Mar-rayt,I passed by,Verb,Past (I),,Saudi,
تسأل (سأل),,tisaaʾal (saʾala),To ask (She form / Root),Verb,-,,Both,
كانت تسأل,,kaanat tisaaʾal,She was asking,Verb,Past Continuous (She),,Saudi,
نمشي (مشى),,nimshi (masha),To walk / go (We form / Root),Verb,-,,Both,
نمشي,,nimshi,We go / walk,Verb,Present (We),,Both,
يمشي,,yimshi,He/It walks / goes,Verb,Present (He/It),,Both,
استوعب (استوعب),,istaawʿaba (istaawʿaba),To process / realize (Past I form / Root),Verb,-,,Both,
ما استوعبت,,maa istaawʿabt,I didn't process / realize,Verb,Past Negative (I),,Saudi,
قعد (قعد),,qaʿada (qaʿada),To sit (Past We form / Root - used for continuous),Verb,-,,Both,
قعدنا,,Qaʿadna,We sat / kept doing,Verb,Past Continuous (We),,Saudi,
نضحك (ضحك),,niḍḥak (ḍaḥika),To laugh (We form / Root),Verb,-,,Both,
نضحك,,niḍḥak,We laugh / to laugh,Verb,Present (We) / Infinitive,,Both,
لا تضحك,,laa tiḍḥak,Don’t laugh,Verb,Imperative Negative (You),,Saudi,
طار (طار),,ṭaar (ṭaara),To fly (Past He/It form / Root),Verb,-,,Both,
طار,,ṭaar,It flew,Verb,Past (He/It),,Both,
انبسط (انبسط),,inbasaṭ (inbasaṭa),To be happy / have fun (Past I form / Root),Verb,-,,Both,
انبسطت,,Inbasaṭt,I was happy / had fun,Verb,Past (I),,Saudi,
استمتع (استمتع),,istamtaʿ (istamtaʿa),To enjoy (Past I form / Root),Verb,-,,Both,
استمتعت,,istamtaʿt,I enjoyed,Verb,Past (I),,Both,
تقبّل (تقبّل),,taqabbal (taqabbala),To accept (They form / Root),Verb,-,,Both,
يتقبلون,,yitqabbaloon,They accept,Verb,Present (They),,Saudi,
جاء (جاء),,jaaʾa (jaaʾa),To come (Past He form / Root),Verb,-,,Both,
جا,,jaa,He came,Verb,Past (He),,Saudi,
أرد (ردّ),,arudd (radda),To reply (I form / Root),Verb,-,,Both,
أرد,,arudd,I reply / to reply,Verb,Present (I) / Infinitive,,Both,
شرّف (شرّف),,sharraf (sharrafa),To honor (Past form + pronoun),Verb,-,,Both,
شرفتني,,sharaftani,You honored me,Verb,Past (You masculine singular + me object pronoun),,Both,
شرفتونا,,sharaftūna,You honored us,Verb,Past (You plural + us object pronoun),,Both,
ألماني,,almaani,German (person/language),Noun,,,Both,
صوت,,ṣoot,Voice,Noun,,,Both,
جوال,,jawwaal,Mobile phone,Noun,,,Saudi,
خالد,,khaalid,Khalid (name),Noun,,,N/A,
المدير,,almudiir,The manager,Noun,,,Both,
أختي,,ukhti,My sister,Noun,,,Saudi,
أخت,,ukht,Sister,Noun,,,Both,
خطتي,,khuttati,My plan,Noun,,,Saudi,
الخطة,,alkhutta,The plan,Noun,,,Both,
أمك,,ummak,Your mom,Noun,,,Saudi,
أمي,,ummi,My mom,Noun,,,Saudi,
أم,,umm,Mom,Noun,,,Both,
رأيها,,ra’yaha,Her opinion,Noun,,,Both,
رأي,,raʾy,Opinion,Noun,,,Both,
كلام,,kalaam,Speech / words / what someone said,Noun,,,Both,
كلامي,,kalaami,My words,Noun,,,Saudi,
كلامك,,kalaamak,Your words,Noun,,,Saudi,
الشغل,,ash-shughl,The work / job,Noun,,,Saudi,
عربي,,ʿArabi,Arabic,Noun,,,Both,
صاحبي,,ṣaaḥbi,My friend,Noun,,,Saudi,
صاحب,,ṣaaḥib,Friend,Noun,,,Both,
الرياض,,ar-Riyaaḍ,Riyadh (place name),Noun,,,N/A,
وقت,,waqt,Time,Noun,,,Both,
الكهرباء,,al-kahrabaʾ,The electricity,Noun,,,Both,
كتب,,kutub,Books,Noun,,,Both,
كتاب,,kitaab,Book,Noun,,,Both,
فراغ,,faraagh,Emptiness / free time,Noun,,,Both,
وقت الفراغ,,waqt il-faraagh,Free time,Noun,,,Saudi,
رسالة,,risaalah,Message,Noun,,,Both,
رسالتك,,risaaltak,Your message,Noun,,,Saudi,
السوق,,as-suuq,The market,Noun,,,Both,
جدتي,,jaddati,My grandmother,Noun,,,Saudi,
جدة,,jaddah,Grandmother,Noun,,,Both,
اسمك,,ismak,Your name,Noun,,,Both,
اسم,,ism,Name,Noun,,,Both,
الجامعة,,al-jaamiʿah,The university,Noun,,,Both,
الدوام,,ad-dawaam,The work (place),Noun,,,Saudi,
شي,,shay,Thing / something,Noun,,,Both,
مزاج,,mazaaj,Mood,Noun,,,Both,
مطعم,,maṭʿam,Restaurant,Noun,,,Both,
أهل,,ahl,Family,Noun,,,Both,
أهلي,,ahli,My family,Noun,,,Saudi,
مكان,,makaan,Place / somewhere,Noun,,,Both,
طريقة,,ṭareeqah,Way / method,Noun,,,Both,
الله,,Allah,God,Noun,,,Both,
الأسبوع,,al-usbooʿ,The week,Noun,,,Both,
الأسبوع الجاي,,al-usbooʿ al-jaay,Next week,Noun,,,Saudi,
الطريق,,aṭ-ṭareeq,The way,Noun,,,Both,
دقيقة,,daqeeqah,Minute,Noun,,,Both,
عشرين دقيقة,,ʿishreen daqeeqah,Twenty minutes,Noun,,,Both,
مرة,,marrah,Once / time (as in 'first time'),Noun,,,Both,
المزاج,,al-mazaaj,The mood,Noun,,,Both,
الصورة,,aṣ-ṣoorah,The photo,Noun,,,Both,
واتساب,,WhatsApp,WhatsApp,Noun,,,N/A,
موعد,,mawʿid,Appointment,Noun,,,Both,
التأخير,,at-taʾkheer,Being late / delay,Noun,,,Both,
الحقيقة,,al-ḥaqeeqah,The reality / fact,Noun,,,Both,
الحين,,alḥeen,Now,Noun,,,Saudi,
كون,,kawn,Being / state,Noun,,,Both,
جو,,jaww,Atmosphere / vibe / weather,Noun,,,Saudi,
الجو,,al-jaww,The weather / atmosphere,Noun,,,Both,
الأجانب,,al-ajaanib,The foreigners,Noun,,,Both,
واحد,,waaḥid,One / someone,Noun,,,Both,
الأكل الإيطالي,,al-akl al-iṭaali,Italian food,Noun,,,N/A,
افتخار,,iftikhār,Pride / honor,Noun,,,Both,
قلبي,,qalbi,My heart,Noun,,,Both,
قلب,,qalb,Heart,Noun,,,Both,
شروق,,shurūq,Sunrise,Noun,,,Both,
جمال,,jamāl,Beauty / Jamal (name),Noun,,,Both,
ارتياح,,irtiyaaḥ,Ease / comfort,Noun,,,Both,
لحظة,,laḥẓah,Moment,Noun,,,Both,
يوم,,yawm,Day,Noun,,,Both,
عالي,,3aali,High / loud,Adjective,,,Both,
فاضي,,faadi,Empty,Adjective,,,Both,
غلط,,ghalat,Wrong,Adjective,,,Both,
تعبان,,taʿbaan,Tired,Adjective,,,Both,
عربي,,ʿArabi,Arabic,Adjective,,,Both,
موجود,,mawjood,Present / existing / available,Adjective,,,Both,
صحيح,,ṣaḥeeḥ,Correct,Adjective,,,Both,
رهيب,,raheeb,Awesome / amazing,Adjective,,,Saudi,
طبيعي,,ṭabiiʿi,Normal,Adjective,,,Both,
مو طبيعي,,mo ṭabiiʿi,Not normal / crazy / wild,Adjective,,,Saudi,
جائع,,jaaʾiʿ,Hungry,Adjective,,,MSA,
جوعان,,juuʿaan,Hungry,Adjective,,,Saudi,
هادي,,haadi,Quiet / calm,Adjective,,,Both,
جديد,,jadeed,New,Adjective,,,Both,
متأكد,,mutaʾakkid,Sure,Adjective,,,Both,
مبسوط,,mabsooṭ,Happy / pleased,Adjective,,,Saudi,
مختلفة,,mukhtalifah,Different (feminine),Adjective,,,Both,
صريح,,ṣareeḥ,Honest,Adjective,,,Both,
عادي,,ʿaadi,Normal / okay / fine,Adjective,,,Both,
جميل,,jameel,Beautiful,Adjective,,,Both,
بسيط,,baseeṭ,Simple,Adjective,,,Both,
مستحيل,,mustaḥeel,Impossible,Adjective,,,Both,
حلو,,ḥilw,Nice / sweet,Adjective,,,Both,
أحلى,,aḥla,Most beautiful,Adjective,,,Both,
غريب,,ghareeb,Strange / stranger,Adjective,,,Both,
متأخر,,mitaʾakhkher,Late,Adjective,,,Both,
هو,,Huwwa,He,Pronoun,Personal,,Both,
إحنا,,Ihna,We,Pronoun,Personal,,Saudi,
هم,,Humma,They,Pronoun,Personal,,Saudi,
أنا,,Ana,I,Pronoun,Personal,,Both,
هي,,Hiyya,She,Pronoun,Personal,,Both,
أنت,,Anta,You (masculine singular),Pronoun,Personal,,MSA,
إنت,,Inta,You (masculine singular),Pronoun,Personal,,Saudi,
هذا,,Haada,This (masculine singular),Pronoun,Demonstrative,,Both,
هذي,,Haadhi,This (feminine singular),Pronoun,Demonstrative,,Saudi,
أحد,,Ahad,Anyone / someone / no one (with negation),Pronoun,Indefinite,,Both,
-ي,,-i/-ni,My / me,Pronoun,Possessive / Object,,Both,
-ك,,-k,Your / you,Pronoun,Possessive / Object,,Both,
-ها,,-ha,Her,Pronoun,Possessive / Object,,Both,
-ه,,-uh / -h,His / him / it,Pronoun,Possessive / Object,,Both,
-نا,,-na,Our / us,Pronoun,Possessive / Object,,Both,
-يّ,,-ayya,On me,Pronoun,Object + Preposition fusion,,Saudi,
-لك,,-lak,To you,Pronoun,Preposition + Object,,Saudi,
مع,,ma3 / maʿa,With,Preposition,,,Both,
عن,,3ann / ʿan,About,Preposition,,,Both,
بـ,,bi-,With / by / in,Preposition,,,Both,
لـ,,li-,To / for,Preposition,,,Both,
قبل,,qabil,Before,Preposition,,,Both,
قبل ما,,qabil maa,Before (followed by verb),Preposition,,,Saudi,
بعد,,baʿd,After / in (time),Preposition,,,Both,
إلى,,ila,To (formal),Preposition,,,MSA,
من,,min,From / by,Preposition,,,Both,
في,,fi,In / at,Preposition,,,Both,
فيه,,fih,In it,Preposition,,,Saudi,
عليها,,ʿalayha,On her,Preposition,,,Both,
عليك,,ʿalayk,On you,Preposition,,,Both,
على,,ʿala,On / to / about,Preposition,,,Both,
لا,,Laa,Don’t / Not,Connector / Adverb / Particle,Negator (Imperative / Simple),,Both,
ما,,Maa,Not,Connector / Adverb / Particle,Negator (Past / Ongoing),,Both,
مو,,Moo,Not,Connector / Adverb / Particle,Negator (Casual / Hejazi/Gulf),,Saudi,
كذا,,Kida,Like that / this way / so,Connector / Adverb / Particle,Adverb,,Saudi,
قاعد,,qaaʿid,"Continuous marker (literally ""sitting"")",Connector / Adverb / Particle,Particle,,Saudi,
ممكن,,Mumkin,Maybe / Might / Possible,Connector / Adverb / Particle,Adverb / Modal,,Both,
إنه,,Innu,That,Connector / Adverb / Particle,Connector,,Saudi,
إن,,Inn,That,Connector / Adverb / Particle,Connector,,Saudi,
إنك,,Innak,That,Connector / Adverb / Particle,Connector,,Saudi,
و,,wu / w-,And,Connector / Adverb / Particle,Connector,,Both,
بس,,Bas,But,Connector / Adverb / Particle,Connector,,Both,
لو,,Law,If,Connector / Adverb / Particle,Connector,,Both,
حـ / بـ,,ḥa- / bi-,Will (Future marker),Connector / Adverb / Particle,Prefix,,Saudi,
وبعدين,,w-baʿdayn,And then / later,Connector / Adverb / Particle,Connector,,Saudi,
عشان,,ʿashaan,Because,Connector / Adverb / Particle,Connector,,Saudi,
عشان كذا,,ʿashaan kida,So / therefore / that’s why,Connector / Adverb / Particle,Phrase/Connector,,Saudi,
اللي,,Al-li / Illi,That which / what,Connector / Adverb / Particle,Connector,,Saudi,
وش,,Wesh,What (colloquial question),Connector / Adverb / Particle,Question Word,,Saudi,
إيش,,Ish / Esh,What (colloquial question - variant),Connector / Adverb / Particle,Question Word,,Saudi,
مين,,Miin,Who,Connector / Adverb / Particle,Question Word,,Both,
كيف,,Keef,How,Connector / Adverb / Particle,Question Word,,Both,
إذا,,idha,If / When (conditional),Connector / Adverb / Particle,,,Both,
يعني,,yaʿni,Like / means (filler word),Connector / Adverb / Particle,Particle / Filler,,Both,
بعد,,baʿd,Also (variant),Connector / Adverb / Particle,Adverb,,Saudi,
برضو,,barḍu,Also (variant),Connector / Adverb / Particle,Adverb,,Saudi,
يمكن,,yumkin,Maybe / perhaps,Connector / Adverb / Particle,Adverb / Modal,,Both,
شوية,,shwayyah,A little bit,Connector / Adverb / Particle,Adverb,,Saudi,
شوي,,shway,A little bit,Connector / Adverb / Particle,Adverb,,Saudi,
لما,,lamma,When (temporal connector),Connector / Adverb / Particle,,,Both,
دايمًا,,dayman,Always,Connector / Adverb / Particle,Adverb,,Both,
أحيانًا,,aḥyaanan,Sometimes,Connector / Adverb / Particle,Adverb,,Both,
نادراً,,Naadiran,Rarely,Connector / Adverb / Particle,Adverb,,Both,
كثير,,kathiir,A lot / often,Connector / Adverb / Particle,Adverb / Adjective,,Both,
خصوصاً,,khuṣooṣan,Especially / in particular,Connector / Adverb / Particle,Adverb,,Both,
بالذات,,bil-dhaat,Especially / in particular,Connector / Adverb / Particle,Phrase/Adverb,,Both,
فجأة,,fajʾah,Suddenly,Connector / Adverb / Particle,Adverb,,Both,
هناك,,hinaak,There,Connector / Adverb / Particle,,,Both,
هنا,,hina,Here,Connector / Adverb / Particle,,,Both,
برّا,,barra,Outside,Connector / Adverb / Particle,,,Saudi,
الواقت,,al-waqt,The time,Connector / Adverb / Particle,,,Both,
بسرعة,,bisurʿah,Fast,Connector / Adverb / Particle,Phrase/Adverb,,Both,
أثناء,,athnaaʾ,During (formal),Connector / Adverb / Particle,,,MSA,
خلال,,khilāl,During (formal),Connector / Adverb / Particle,,,MSA,
غالبًا,,ghāliban,Often (formal),Connector / Adverb / Particle,,,MSA,
جداً,,jiddan,Very (formal),Connector / Adverb / Particle,,,MSA,
خارج,,khārij,Outside (formal),Connector / Adverb / Particle,,,MSA,
قبل قليل,,qabil qalīl,A little while ago (formal),Connector / Adverb / Particle,,,MSA,
تمامًا,,tamāman,Exactly (formal),Connector / Adverb / Particle,,,Both,
ما شاء الله,,ma shaa' Allah,Wow / That’s impressive / Polite admiration,Interjection & Greeting,,,Both,
ايه,,eeh,Yeah / Yep,Interjection & Greeting,,,Saudi,
تمام,,tamaam,Alright / Okay / Cool / Nice,Interjection & Greeting,,,Saudi,
خلاص,,khalaas,Alright / It's settled,Interjection & Greeting,,,Saudi,
الصراحة,,aṣ-ṣaraaḥah,"Well, actually / To be honest",Interjection & Greeting,,,Both,
صدق؟,,ṣidq?,Really? (casual),Interjection & Greeting,,,Saudi,
مستحيل!,,mustaḥeel!,No way! / Impossible!,Interjection & Greeting,,,Both,
عادي,,ʿaadi,That’s fine / normal / okay,Interjection & Greeting,,,Both,
العفو,,al-ʿafw,You’re welcome,Interjection & Greeting,,,Both,
أبد,,abad,Not at all,Interjection & Greeting,,,Both,
ولا يهمك,,wala yihimmak,Don’t worry,Interjection & Greeting,,,Both,
يا سلام,,ya salaam,Wow / Amazing (expression of admiration),Interjection & Greeting,,,Both,
أهلًا وسهلًا,,ahlan wa sahlan,Welcome,Interjection & Greeting,,,Both,
يا هلا,,ya hala,Welcome (casual),Interjection & Greeting,,,Saudi,
سلام,,salaam,Peace / Hello,Interjection & Greeting,,,Both,
مرحبًا,,marḥaban,Hello / Welcome,Interjection & Greeting,,,Both,
يا نور,,ya nur,O light (affectionate address),Interjection & Greeting,,,Both,
سمي,,sammi,Go ahead / Welcome (Najdi phrase),Interjection & Greeting,,,Saudi,
شكرًا جزيلًا,,shukran jazīlan,Thank you very much,Interjection & Greeting,,,Both,
مساء الـ...,,masāʾ al-...,The evening of… (greeting structure),Interjection & Greeting,,,Both,
والله,,wallah,I swear (by God),Interjection & Greeting,,,Both,
اوه,,oh,Oh (interjection),Interjection & Greeting,,,N/A,
بصوت عالي,,bisoot ʿaali,Loudly / with a high voice,Phrase / Idiom,,"Lit. ""with voice high""",Both,
قبل ما,,qabil maa,Before (followed by verb),Phrase / Idiom,,Colloquial conjunction,Saudi,
ما تدري,,maa tidri,She doesn't know,Phrase / Idiom,,Colloquial negation of a present verb,Saudi,
إيش قاعد يقول؟,,Ish qaaʿid yiquul?,What is he saying?,Phrase / Idiom,,Using Qaaʿid for present continuous,Saudi,
قال لي,,qaal li,To say to / to tell,Phrase / Idiom,,Verb + preposition,Saudi,
لا تقول لأحد,,laa tiquul li'ahad,Don’t tell anyone,Phrase / Idiom,,"Aḥad with negation means ""anyone/no one""",Saudi,
كلام فاضي,,kalaam faadi,Nonsense / empty speech,Phrase / Idiom,,"Lit. ""empty words""",Both,
كانوا يتكلموا,,kaanu yitkallamu,They were speaking,Phrase / Idiom,,Kaanu + present verb for past continuous,Saudi,
كنت أبغى,,Kuntu abgha,I wanted,Phrase / Idiom,,Kaan + Abgha often means 'wanted' or 'used to want',Saudi,
وبس,,w-bas,And that's all / That's it,Phrase / Idiom,,"Lit. ""and just/only""",Both,
كنت قاعد أطبخ,,Kunt qaaʿid aṭbukh,I was cooking,Phrase / Idiom,,Kaan + Qaaʿid + present verb for past continuous,Saudi,
ما فهمت وش تبي تقول,,Ana maa fihimt wesh tabi tiquul.,I didn’t understand what you want to say.,Phrase / Idiom,,Example sentence structure,Saudi,
وش رايك...؟,,Wesh raayak...?,What about...? / How about...?,Phrase / Idiom,,"Lit. ""What is your opinion?"" - polite suggestion",Saudi,
مو متأكد إذا...,,Moo mutaʾakkid idha...,I’m not sure if...,Phrase / Idiom,,Casual negation + conditional,Saudi,
باين عليك...,,Baayin ʿalayk...,I can tell that... / It shows on you...,Phrase / Idiom,,Idiomatic expression,Saudi,
خلينا...,,khalleena...,Let us... / Let's...,Phrase / Idiom,,Imperative form,Saudi,
كنت مفكر بشي ثاني,,kunt mfakkir bishay thaany,I was thinking about something else,Phrase / Idiom,,Past state/continuous with participle,Saudi,
باين عليك مبسوط,,Baayin ʿalayk mabsooṭ.,I can tell you’re happy.,Phrase / Idiom,,Example sentence,Saudi,
قاعد أزور أهلي,,Qaaʿid azuur ahli,I’m visiting my family,Phrase / Idiom,,Qaaʿid + present verb for present continuous,Saudi,
كنت قاعد أطبخ لما...,,Kunt qaaʿid aṭbukh lamma...,I was cooking when...,Phrase / Idiom,,Kaan + Qaaʿid + present verb + Lamma for past continuous,Saudi,
من وقت لوقت,,min waqt liwaqt,Every now and then,Phrase / Idiom,,"Lit. ""from time to time""",Both,
بطريقة ما,,biṭareeqah maa,Somehow,Phrase / Idiom,,"Lit. ""in a way not specified""",Both,
كيف صار كذا؟,,Keef ṣar kida?,How did that happen?,Phrase / Idiom,,"Using Ṣar for ""to happen""",Saudi,
المكان اللي كنا فيه,,al-makaan illi kunna fih,The place that we were in it,Phrase / Idiom,,Using Illi + Kaan + Fih,Saudi,
أنا رايح هناك بعدين,,Ana raayiḥ hinaak baʿdayn,I'm actually going there later on,Phrase / Idiom,,Rāyiḥ (participle) used for near future intention,Saudi,
كنت ناوي أروح,,kunt naawi aruuḥ,I was planning on going,Phrase / Idiom,,Kaan + Nāwi (participle) for past intention/planning,Saudi,
أنا في الطريق الحين,,ana fi aṭ-ṭareeq alḥeen,I'm on my way right now,Phrase / Idiom,,Common phrase,Saudi,
بوصل هناك بعد...,,bawsal hinaak baʿd...,I'll be there in...,Phrase / Idiom,,Future verb + Baʿd + time,Saudi,
اوه، حسبت إنه...,,"oh, ḥasabt innuh...","Oh, I thought it was...",Phrase / Idiom,,Common reaction phrase,Saudi,
ما كنت أدري إنه...,,maa kunt adri innuh...,I didn't realize it was...,Phrase / Idiom,,Past state negation + Inn,Saudi,
هذي كانت أول مرة...,,haadhi kaanat awwal marrah...,That was the first time I ever...,Phrase / Idiom,,Common phrase structure,Saudi,
أحس هذي أول مرة...,,aḥiss haadhi awwal marrah...,I think this is the first time I...,Phrase / Idiom,,"Using Aḥiss as ""I think/feel"" + common phrase",Saudi,
دقيت عليّ,,daqqeet ʿalayya,You called me,Phrase / Idiom,,Verb + preposition + object pronoun,Saudi,
عشان كذا قلت لك,,ʿashaan kida qult lak,That's why I told you.,Phrase / Idiom,,Example sentence,Saudi,
برضو أوافقك,,Barḍu awaafiqk,I also agree with you.,Phrase / Idiom,,Example sentence,Saudi,
على فكرة، الجو اليوم رهيب,,"ʿala fikrah, al-jaww al-yawm raheeb!","By the way, the weather today is awesome!",Phrase / Idiom,,Example sentence,Saudi,
شي جديد,,shay jadeed,Something new,Phrase / Idiom,,Noun + adjective,Both,
نص ساعة,,nuṣ ṣaaʿah,Half an hour,Phrase / Idiom,,Noun phrase,Both,
مطعم رهيب,,maṭʿam raheeb,Awesome restaurant,Phrase / Idiom,,Noun + adjective,Saudi,
تساعدني شوي,,tsaʿidni shwayyah,Help me a little,Phrase / Idiom,,Verb + object + adverb,Saudi,
قبل ما يقفلون,,qabil ma yiqfiloon,Before they close,Phrase / Idiom,,Colloquial conjunction + verb,Saudi,
أفكر أغير خطتي,,Afakkir aghayyir khuṭṭati,I'm thinking of changing my plan,Phrase / Idiom,,Verb + conjugated verb (like infinitive),Saudi,
قررت أسافر,,Qarrart asaafir,I decided to travel,Phrase / Idiom,,Past verb + conjugated verb (like infinitive),Both,
الصراحة، كنت مفكر بشي ثاني,,"Aṣ-ṣaraaḥah, kunt mfakkir bishay thaany.","Well, actually, I was thinking about something else.",Phrase / Idiom,,Example sentence,Saudi,
وش رايك نطلع نتمشى؟,,Wesh raayak naṭlaʿ nitmasha?,How about we go for a walk?,Phrase / Idiom,,Suggestion phrase + verbs,Saudi,
مو متأكد إذا يناسبنا,,Moo mutaʾakkid idha yanaasibna.,I'm not sure if it suits us.,Phrase / Idiom,,Example sentence,Saudi,
باين عليك مبسوط,,Baayin ʿalayk mabsooṭ.,I can tell you’re happy.,Phrase / Idiom,,Example sentence,Saudi,
في الليل,,fi al-layl,At night / in the night,Phrase / Idiom,,Phrase,Both,
كنت أعرفه,,kunt aʿrifuh,I used to know him,Phrase / Idiom,,Kaan + present verb for past habitual,Saudi,
مكان هادي,,makaan haadi,A quiet place,Phrase / Idiom,,Noun + adjective,Both,
ما توقعت,,ma tawaqqaʿt,I didn't expect,Phrase / Idiom,,Past negative verb,Saudi,
كيف صار كذا؟,,Keef ṣar kida?,How did that happen?,Phrase / Idiom,,Example sentence,Saudi,
نمشي عالخطة,,nimshi ʿal khuṭṭah,We'll go with the plan,Phrase / Idiom,,"Lit. ""we walk on the plan""",Saudi,
من وقت لوقت أزور أهلي,,Min waqt liwaqt azuur ahli,Every now and then I visit my family.,Phrase / Idiom,,Example sentence,Saudi,
لقيت أحد في المكان اللي كنا فيه,,Laqeet aḥad fi al-makaan illi kunna fih.,I found someone in the place we were at.,Phrase / Idiom,,Example sentence,Saudi,
ما عاد أروح هناك,,Maa ʿaad aruuḥ hinaak.,I don’t go there anymore.,Phrase / Idiom,,"Idiomatic negation for ""anymore""",Saudi,
أبد، ولا يهمك,,"Abad, wala yihimmak","Not at all, don't worry.",Phrase / Idiom,,Common response,Saudi,
خصوصاً إذا الجو حلو,,Khuṣooṣan idha al-jaww ḥilw.,Especially when the weather's nice.,Phrase / Idiom,,Example sentence,Saudi,
في الحقيقة...,,fi al-ḥaqeeqah...,The fact is...,Phrase / Idiom,,Idiomatic phrase,Both,
كون إنه...,,kawn innuh...,The fact that...,Phrase / Idiom,,Idiomatic phrase,Both,
سهلة من مايّه,,sahla min maayyah,Easier than water,Phrase / Idiom,,"Idiomatic expression (""piece of cake"")",Saudi,
حبيبة قلبي,,ḥabībat qalbi,Beloved of my heart / sweetheart,Phrase / Idiom,,Affectionate expression,Both,
ما هو في مزاج,,maa huwa fi mazaaj,He isn’t really in the mood,Phrase / Idiom,,Using Moo + Huwa (He) + Fi + Noun,Saudi,
ما يتقبلون الأجانب كثير,,maa yitqabbaloon al-ajaanib kathiir,They’re not very accepting of foreigners,Phrase / Idiom,,"Using Kathiir to mean ""very"" with negation",Saudi,
وبعدين جا واحد غريب عندنا,,w-baʿdayn jaa waaḥid ghareeb ʿindina,And then this stranger walked up to us,Phrase / Idiom,,Common narrative phrase structure,Saudi,
ما تحب الأكل الإيطالي مره,,maa tiḥibb al-akl al-iṭaali marrah,She’s not very into Italian food,Phrase / Idiom,,"Using Marrah to mean ""very"" with negation",Saudi,
كل شي صار بسرعة,,kull shay ṣar bisurʿah,It all happened too fast,Phrase / Idiom,,Using Kull Shay + Ṣar + Bisurʿah,Saudi,
الوقت طار بسرعة,,al-waqt ṭaar bisurʿah,It went by so fast,Phrase / Idiom,,Idiomatic use of Ṭaar,Saudi,
انبسطت مره,,inbasaṭt marrah,I had such a good time,Phrase / Idiom,,Common phrases for enjoying oneself,Saudi,
استمتعت كثير,,istamtaʿt kathiir,I had such a good time,Phrase / Idiom,,Common phrases for enjoying oneself,Saudi,
نسيت أرد على رسالتك,,Naseet arudd ʿala risaaltak.,I forgot to reply to your message.,Phrase / Idiom,,Example sentence,Saudi,
تذكرت فجأة إن عندي موعد,,Tadhakkart fajʾah in ʿindi mawʿid.,I suddenly remembered I have an appointment.,Phrase / Idiom,,Example sentence,Saudi,
أرسلت لك الصورة على واتساب,,Arsalt lak aṣ-ṣoorah ʿala WhatsApp.,I sent you the photo on WhatsApp.,Phrase / Idiom,,Example sentence,Saudi,
قاعد أكمل الشغل اللي بدأته,,Qaaʿid akammil ash-shughl illi badaʾtuh.,I’m continuing the work I started.,Phrase / Idiom,,Example sentence with continuous + Illi + past verb,Saudi,
وصلت متأخر شوي,,Wṣalt mitaʾakhkher shwayyah.,I arrived a little late.,Phrase / Idiom,,Example sentence,Saudi,
نادراً أروح هناك، بس المكان حلو,,"Naadiran aruuḥ hinaak, bas al-makaan ḥilw.","I rarely go there, but it’s a nice place.",Phrase / Idiom,,Example sentence with Adverb + Bas,Saudi,
أنا بالذات ما أحب التأخير,,Ana bil-dhaat maa aḥibb at-taʾkheer.,I in particular don’t like being late.,Phrase / Idiom,,Example sentence with Bil-dhaat,Saudi,
أبغى أطلع شوي أغير جو,,Abgha aṭlaʿ shway aɣayyir jaww.,I want to go out a bit to change the vibe.,Phrase / Idiom,,"Example sentence with idiomatic ""change the vibe""",Saudi,
ما لي خلق أتكلم اليوم,,Maa li khilq atkallam il-yawm.,I’m not in the mood to talk today.,Phrase / Idiom,,Idiomatic phrase for not having energy/mood,Saudi,
الجو برّا مره حلو,,Al-jaww barra marrah ḥilw.,The weather outside is really nice.,Phrase / Idiom,,Example sentence with Saudi adverbs Barra and Marrah,Saudi,
أقول لك شي بس لا تضحك؟,,Aqool lak shay bas laa tiḍḥak?,Can I tell you something — but don’t laugh?,Phrase / Idiom,,Common phrasing to introduce a slightly sensitive topic,Saudi,
قبل شوية,,qabil shwayyah,A little while ago,Phrase / Idiom,,Colloquial time marker,Saudi,
كانت تسأل عنك,,kaanat tisaaʾal ʿannak,She was asking about you,Phrase / Idiom,,Past continuous (Kaana + present verb),Saudi,
مو لازم نخلص كل شي اليوم,,Moo laazim nkhalliṣ kull shay il-yawm.,We don’t have to finish everything today.,Phrase / Idiom,,Colloquial negation + Mo Laazim + verb,Saudi,
مرّيت من هنا قبل كذا,,Mar-rayt min hina qabil kida.,I passed by here before.,Phrase / Idiom,,"Common phrase with Qabil Kida meaning ""before""",Saudi,
خلك صريح، عادي,,"Khallik ṣareeḥ, ʿaadi.",Be honest — it’s okay.,Phrase / Idiom,,Imperative Khallik + adjective + ʿAadi,Saudi,
أحس إن الوقت يمشي بسرعه,,Aḥyaanan aḥiss in al-waqt yimshi bisurʿah.,Sometimes I feel like time goes by fast.,Phrase / Idiom,,Using Aḥiss + In + verb phrase,Saudi,
ودّي أتعلم أطبخ أكلة جديدة,,Widdi atʿallam aṭbukh aklah jadeedah.,I’d like to learn to cook a new dish.,Phrase / Idiom,,Using Widdi + sequence of verbs (like infinitives),Saudi,
كنت بارتياح وأنا معك,,Ḥassayt b-irtiyaaḥ wana maʿak.,I felt at ease when I was with you.,Phrase / Idiom,,Using Ḥassayt + phrase + Wana + Maʿak,Saudi,
قعدنا نضحك كثير,,Qaʿadna niḍḥak kathiir,We laughed so much,Phrase / Idiom,,Past continuous equivalent with Qaʿadna,Saudi,
كانت لحظة حلوة,,kaanat laḥẓah ḥilwah,It was such a nice moment,Phrase / Idiom,,Kaana + feminine noun + feminine adjective,Saudi,
ما كان فيني مزاج أتكلم,,Maa kaan fiini mazaaj atkallam.,I wasn’t really in the mood to talk.,Phrase / Idiom,,Idiomatic negative phrase,Saudi,
الوقت طار وأنا ما حسّيت,,Al-waqt ṭaar wana maa ḥassayt.,Time flew by and I didn’t even notice.,Phrase / Idiom,,Idiomatic use of Ṭaar,Saudi,
صدق كان يوم جميل,,ṣidq kaan yawm jameel,"seriously, it was a beautiful day",Phrase / Idiom,,Using Ṣidq as an intensifier,Saudi,
مساء الخير,,masāʾ al-khayr,Good evening,Phrase / Idiom,,Common greeting,Both,
طول الوقت,,ṭūl al-waqt,The whole time,Phrase / Idiom,,Common phrase,Both,
أقولك رسالة افتخار,,aqūl lak risālat iftikhār,Let me tell you a message of pride,Phrase / Idiom,,Example phrase structure,Both,